dni,representanteLegal,distrito,placa,tipo
79672079,contreras/chang/johana-cinthia,Chorrillos,WDA433,PEQUENO
79672079,contreras/chang/johana-cinthia,Chorrillos,EZD819,MEDIANO
79672079,contreras/chang/johana-cinthia,Chorrillos,PBA133,PEQUENO
77763722,farfan/salazar/margot,La_Molina,SVA838,PEQUENO
77763722,farfan/salazar/margot,La_Molina,PHQ940,MEDIANO
77763722,farfan/salazar/margot,La_Molina,FYP542,PEQUENO
19568447,vega/soria/henrry,San_Juan_de_Lurigancho,GLD161,MEDIANO
81528434,epiquen/avila/enrique,Jesus_Maria,MMV407,MEDIANO
81528434,epiquen/avila/enrique,Jesus_Maria,TDN184,GRANDE
81528434,epiquen/avila/enrique,Jesus_Maria,WVM931,MEDIANO
81528434,epiquen/avila/enrique,Jesus_Maria,BXH413,PEQUENO
81528434,epiquen/avila/enrique,Jesus_Maria,DNJ752,GRANDE
47844324,vilca/lee/nestor-hugo,Comas,MMG419,PEQUENO
47844324,vilca/lee/nestor-hugo,Comas,WFT327,GRANDE
47844324,vilca/lee/nestor-hugo,Comas,NJW835,PEQUENO
86718074,escalante/rojas/ines-adria,Jesus_Maria,BHB564,GRANDE
12270502,cueva/fuentes/cinthia-delia,El_Agustino,CGU537,GRANDE
12270502,cueva/fuentes/cinthia-delia,El_Agustino,NWQ242,PEQUENO
12270502,cueva/fuentes/cinthia-delia,El_Agustino,HZT849,GRANDE
12270502,cueva/fuentes/cinthia-delia,El_Agustino,PUN532,GRANDE
12270502,cueva/fuentes/cinthia-delia,El_Agustino,SRC012,GRANDE
48528209,zavaleta/coronado/felicita-eloisa,Villa_Maria_del_Triunfo,WFX691,GRANDE
48528209,zavaleta/coronado/felicita-eloisa,Villa_Maria_del_Triunfo,NNV784,GRANDE
48528209,zavaleta/coronado/felicita-eloisa,Villa_Maria_del_Triunfo,TAX184,GRANDE
48528209,zavaleta/coronado/felicita-eloisa,Villa_Maria_del_Triunfo,WLD462,GRANDE
48528209,zavaleta/coronado/felicita-eloisa,Villa_Maria_del_Triunfo,QAZ482,PEQUENO
88167677,prado/vera/juan,San_Miguel,SDW489,GRANDE
88167677,prado/vera/juan,San_Miguel,GEM288,MEDIANO
88167677,prado/vera/juan,San_Miguel,AVL701,GRANDE
88167677,prado/vera/juan,San_Miguel,MKH039,MEDIANO
88167677,prado/vera/juan,San_Miguel,CCZ718,PEQUENO
12858682,zarate/perez/alexander,Barranco,EEX782,MEDIANO
12858682,zarate/perez/alexander,Barranco,JSV638,GRANDE
12858682,zarate/perez/alexander,Barranco,ZYG465,MEDIANO
75348522,lozada/forzani/delia,Independencia,QSQ133,GRANDE
75348522,lozada/forzani/delia,Independencia,CLA983,GRANDE
75348522,lozada/forzani/delia,Independencia,UHA103,PEQUENO
75348522,lozada/forzani/delia,Independencia,CBL183,GRANDE
75348522,lozada/forzani/delia,Independencia,JXR382,GRANDE
87495937,morales/pasquel/karin-maribel,Independencia,ZUU737,GRANDE
81485316,justino/martinez/enrique,Santa_Maria_del_Mar,PGD165,GRANDE
81485316,justino/martinez/enrique,Santa_Maria_del_Mar,PPQ010,PEQUENO
81485316,justino/martinez/enrique,Santa_Maria_del_Mar,NZL133,MEDIANO
81485316,justino/martinez/enrique,Santa_Maria_del_Mar,GTQ262,GRANDE
81485316,justino/martinez/enrique,Santa_Maria_del_Mar,JQH178,MEDIANO
81799482,cerna/cerna/cinthia,Pucusana,DBW801,MEDIANO
81799482,cerna/cerna/cinthia,Pucusana,HFP773,GRANDE
81799482,cerna/cerna/cinthia,Pucusana,NBF606,GRANDE
81799482,cerna/cerna/cinthia,Pucusana,JQK687,GRANDE
81799482,cerna/cerna/cinthia,Pucusana,EGK309,MEDIANO
13219606,rodriguez/moreno/blanca-ofelia,Pueblo_Libre,ZTB500,MEDIANO
13219606,rodriguez/moreno/blanca-ofelia,Pueblo_Libre,URS820,PEQUENO
73818744,fuentes/gamarra/hugo,Pueblo_Libre,SCF191,PEQUENO
73818744,fuentes/gamarra/hugo,Pueblo_Libre,XHN193,GRANDE
73818744,fuentes/gamarra/hugo,Pueblo_Libre,UVB916,GRANDE
73818744,fuentes/gamarra/hugo,Pueblo_Libre,XUU854,GRANDE
85501710,vizcardo/sinche/maribel,San_Borja,GXY534,PEQUENO
85501710,vizcardo/sinche/maribel,San_Borja,NEX475,MEDIANO
12443643,lee/serrano/rosario,Santa_Maria_del_Mar,CAQ991,MEDIANO
12443643,lee/serrano/rosario,Santa_Maria_del_Mar,CTG842,PEQUENO
12443643,lee/serrano/rosario,Santa_Maria_del_Mar,MCH542,MEDIANO
12443643,lee/serrano/rosario,Santa_Maria_del_Mar,QTY498,GRANDE
82870470,sedano/retamoso/elia-yolanda,Rimac,AXT412,PEQUENO
82870470,sedano/retamoso/elia-yolanda,Rimac,JDD824,PEQUENO
48450395,ramirez/astete/karina-estefania,Magdalena_del_Mar,KVG534,GRANDE
48450395,ramirez/astete/karina-estefania,Magdalena_del_Mar,SRJ016,PEQUENO
48450395,ramirez/astete/karina-estefania,Magdalena_del_Mar,JBA524,PEQUENO
48450395,ramirez/astete/karina-estefania,Magdalena_del_Mar,FZQ868,MEDIANO
79641328,tokeshi/guevara/jaime,Cieneguilla,ADC280,GRANDE
79641328,tokeshi/guevara/jaime,Cieneguilla,MUT262,MEDIANO
79641328,tokeshi/guevara/jaime,Cieneguilla,BKM053,GRANDE
89314225,rios/durand/carlos-edilberto,Cercado_de_Lima,XHX158,GRANDE
89314225,rios/durand/carlos-edilberto,Cercado_de_Lima,PVZ232,PEQUENO
89314225,rios/durand/carlos-edilberto,Cercado_de_Lima,FPA256,GRANDE
89314225,rios/durand/carlos-edilberto,Cercado_de_Lima,XZH421,MEDIANO
89314225,rios/durand/carlos-edilberto,Cercado_de_Lima,NBR337,PEQUENO
86429854,moscoso/laura/janet-valentina,Punta_Hermosa,MKH303,GRANDE
86429854,moscoso/laura/janet-valentina,Punta_Hermosa,NLJ145,MEDIANO
86429854,moscoso/laura/janet-valentina,Punta_Hermosa,WSN850,MEDIANO
86429854,moscoso/laura/janet-valentina,Punta_Hermosa,DJF940,MEDIANO
86429854,moscoso/laura/janet-valentina,Punta_Hermosa,DVP556,PEQUENO
84186239,rivero/coronado/hector-alonso-jose,Lince,VSD693,GRANDE
84186239,rivero/coronado/hector-alonso-jose,Lince,JBY608,PEQUENO
80457845,norabuena/moya/hector,Jesus_Maria,TXZ356,GRANDE
80457845,norabuena/moya/hector,Jesus_Maria,CXL951,GRANDE
80457845,norabuena/moya/hector,Jesus_Maria,ZKS465,GRANDE
80457845,norabuena/moya/hector,Jesus_Maria,NYK823,MEDIANO
80457845,norabuena/moya/hector,Jesus_Maria,PXN299,PEQUENO
90467829,iparraguirre/perez-nicolas,Miraflores,KNT044,MEDIANO
90467829,iparraguirre/perez-nicolas,Miraflores,GPU957,GRANDE
90467829,iparraguirre/perez-nicolas,Miraflores,QQX387,PEQUENO
90467829,iparraguirre/perez-nicolas,Miraflores,ZFX148,PEQUENO
90467829,iparraguirre/perez-nicolas,Miraflores,XWV513,GRANDE
88854166,pinto/rojas/juvenal-francisco,Jesus_Maria,XKH320,MEDIANO
88854166,pinto/rojas/juvenal-francisco,Jesus_Maria,BHR917,PEQUENO
88854166,pinto/rojas/juvenal-francisco,Jesus_Maria,PWU367,GRANDE
88854166,pinto/rojas/juvenal-francisco,Jesus_Maria,NHE016,PEQUENO
88854166,pinto/rojas/juvenal-francisco,Jesus_Maria,HFY870,GRANDE
77367073,jauregui/del/castillo/victor-ricardo,San_Juan_de_Miraflores,THD727,GRANDE
77367073,jauregui/del/castillo/victor-ricardo,San_Juan_de_Miraflores,XST957,GRANDE
77367073,jauregui/del/castillo/victor-ricardo,San_Juan_de_Miraflores,VZS687,MEDIANO
73567806,arca/sanchez/magali-beatriz-iris,Santa_Anita,FZR743,PEQUENO
73567806,arca/sanchez/magali-beatriz-iris,Santa_Anita,WJS734,MEDIANO
73567806,arca/sanchez/magali-beatriz-iris,Santa_Anita,QCY434,GRANDE
73567806,arca/sanchez/magali-beatriz-iris,Santa_Anita,LLT122,MEDIANO
89941095,arca/larriega/lucero-yliana,Comas,HNY231,PEQUENO
89941095,arca/larriega/lucero-yliana,Comas,PPL876,GRANDE
89941095,arca/larriega/lucero-yliana,Comas,BGP690,MEDIANO
89941095,arca/larriega/lucero-yliana,Comas,UNR054,GRANDE
89941095,arca/larriega/lucero-yliana,Comas,NPT893,PEQUENO
87282766,suarez/chang/gloria,San_Bartolo,RHJ670,MEDIANO
73972114,avila/martel/jaime/manuel,San_Juan_de_Lurigancho,NLX627,GRANDE
73972114,avila/martel/jaime/manuel,San_Juan_de_Lurigancho,EVT069,MEDIANO
73972114,avila/martel/jaime/manuel,San_Juan_de_Lurigancho,UXA162,PEQUENO
73972114,avila/martel/jaime/manuel,San_Juan_de_Lurigancho,QFB465,MEDIANO
73972114,avila/martel/jaime/manuel,San_Juan_de_Lurigancho,GQL564,MEDIANO
79766395,fuentes/escalante/patricia/elizabeth,Santa_Anita,PJC708,PEQUENO
79766395,fuentes/escalante/patricia/elizabeth,Santa_Anita,BMH100,GRANDE
79766395,fuentes/escalante/patricia/elizabeth,Santa_Anita,HGA923,GRANDE
74325123,tang/moscoso/johana,La_Molina,ERX193,PEQUENO
74325123,tang/moscoso/johana,La_Molina,QYJ529,GRANDE
74325123,tang/moscoso/johana,La_Molina,VZY124,MEDIANO
74325123,tang/moscoso/johana,La_Molina,DUA496,GRANDE
74325123,tang/moscoso/johana,La_Molina,NYG193,PEQUENO
13628871,quiroga/hernandez/silvana-zkenia-maria,Independencia,DYK919,PEQUENO
75945248,mejia/rodriguez/ines-valentina,Punta_Hermosa,BMT651,GRANDE
75945248,mejia/rodriguez/ines-valentina,Punta_Hermosa,SWL067,GRANDE
75945248,mejia/rodriguez/ines-valentina,Punta_Hermosa,DPM726,PEQUENO
80310768,minaya/berrocal/heli,Carabayllo,FZS498,MEDIANO
80310768,minaya/berrocal/heli,Carabayllo,RQP945,MEDIANO
80310768,minaya/berrocal/heli,Carabayllo,HCJ737,GRANDE
80310768,minaya/berrocal/heli,Carabayllo,UVX650,GRANDE
80310768,minaya/berrocal/heli,Carabayllo,RLF735,MEDIANO
47528229,saavedra/gonzales/wilmer,Chorrillos,JLJ948,MEDIANO
47528229,saavedra/gonzales/wilmer,Chorrillos,ASG136,PEQUENO
82031355,egusquiza/berrocal/doris-nancy,Pucusana,RTH777,PEQUENO
82031355,egusquiza/berrocal/doris-nancy,Pucusana,ACK363,MEDIANO
