# registration_date,channel_id,channel_name,metric1,metric2,metric3,stream_date,stream_duration,peak_viewers
01/04/2021,F3765,Fextralife,1734810,93036735,222720,16/07/2025,00:25:55,1396
01/04/2021,F3765,Fextralife,1734810,93036735,222720,30/07/2025,01:15:20,5680
01/04/2021,F3765,Fextralife,1734810,93036735,222720,31/07/2025,01:40:07,9467
01/04/2021,F3765,Fextralife,1734810,93036735,222720,02/09/2025,01:20:26,13120
01/04/2021,F3765,Fextralife,1734810,93036735,222720,16/08/2025,01:20:20,15187
01/04/2021,F3765,Fextralife,1734810,93036735,222720,20/08/2025,00:42:16,6720
01/04/2021,F3765,Fextralife,1734810,93036735,222720,19/07/2025,00:17:47,4804
01/04/2021,F3765,Fextralife,1734810,93036735,222720,30/08/2025,02:17:31,14793
01/04/2021,F3765,Fextralife,1734810,93036735,222720,16/07/2025,00:40:53,2142
02/08/2023,G8611,Gaules,1370184,89705964,310998,16/07/2025,00:29:13,5886
02/08/2023,G8611,Gaules,1370184,89705964,310998,18/08/2025,01:19:06,19240
02/08/2023,G8611,Gaules,1370184,89705964,310998,21/07/2025,00:27:49,1294
02/08/2023,G8611,Gaules,1370184,89705964,310998,02/08/2025,00:35:20,18408
02/08/2023,G8611,Gaules,1370184,89705964,310998,16/07/2025,02:08:01,10817
02/08/2023,G8611,Gaules,1370184,89705964,310998,26/08/2025,00:54:28,8617
02/08/2023,G8611,Gaules,1370184,89705964,310998,28/08/2025,00:25:56,18037
02/08/2023,G8611,Gaules,1370184,89705964,310998,21/08/2025,01:39:02,17351
02/08/2023,G8611,Gaules,1370184,89705964,310998,23/08/2025,01:57:25,14488
20/01/2022,D9513,DreadzTV,1023779,102611607,387315,24/08/2025,01:30:01,10003
21/12/2022,S1679,Symfuhny,703986,106546942,300575,26/07/2025,00:58:39,8130
21/12/2022,S1679,Symfuhny,703986,106546942,300575,21/07/2025,00:47:48,744
21/12/2022,S1679,Symfuhny,703986,106546942,300575,12/08/2025,01:50:59,10549
21/12/2022,S1679,Symfuhny,703986,106546942,300575,11/08/2025,00:37:09,8092
21/12/2022,S1679,Symfuhny,703986,106546942,300575,26/07/2025,01:18:31,15432
09/02/2021,M2456,Myth,2068424,78998587,285644,02/08/2025,02:03:46,18351
09/02/2021,M2456,Myth,2068424,78998587,285644,16/08/2025,01:14:52,2450
09/02/2021,M2456,Myth,2068424,78998587,285644,04/08/2025,02:23:49,17759
09/02/2021,M2456,Myth,2068424,78998587,285644,19/07/2025,00:04:50,1622
09/02/2021,M2456,Myth,2068424,78998587,285644,16/07/2025,00:51:41,8136
09/02/2021,M2456,Myth,2068424,78998587,285644,19/08/2025,01:49:26,11258
09/02/2021,M2456,Myth,2068424,78998587,285644,15/07/2025,00:01:26,18220
11/09/2022,B8913,Baiano,554201,61715781,263720,24/07/2025,02:00:52,5538
11/09/2022,B8913,Baiano,554201,61715781,263720,01/08/2025,02:10:24,7623
11/09/2022,B8913,Baiano,554201,61715781,263720,15/07/2025,01:08:43,15998
10/12/2023,O2649,ONSCREEN,1089824,46084211,115633,24/08/2025,02:12:34,8658
10/12/2023,O2649,ONSCREEN,1089824,46084211,115633,04/08/2025,02:28:17,7714
10/12/2023,O2649,ONSCREEN,1089824,46084211,115633,30/08/2025,00:03:28,8012
10/12/2023,O2649,ONSCREEN,1089824,46084211,115633,12/08/2025,00:24:30,7167
10/12/2023,O2649,ONSCREEN,1089824,46084211,115633,08/08/2025,01:19:35,6688
08/02/2021,S8700,sneakylol,425468,670137548,68795,22/08/2025,01:29:30,5100
08/02/2021,S8700,sneakylol,425468,670137548,68795,03/09/2025,02:04:52,19078
08/02/2021,S8700,sneakylol,425468,670137548,68795,02/08/2025,01:44:35,3462
08/02/2021,S8700,sneakylol,425468,670137548,68795,17/07/2025,01:02:39,12786
08/02/2021,S8700,sneakylol,425468,670137548,68795,22/07/2025,01:28:27,18096
13/10/2023,N3735,NICKMERCS,951730,51349926,89387,11/08/2025,01:56:15,13177
13/10/2023,N3735,NICKMERCS,951730,51349926,89387,24/08/2025,00:17:49,5558
13/10/2023,N3735,NICKMERCS,951730,51349926,89387,21/08/2025,01:31:02,6778
13/10/2023,N3735,NICKMERCS,951730,51349926,89387,03/08/2025,02:18:33,3800
13/10/2023,N3735,NICKMERCS,951730,51349926,89387,27/07/2025,01:55:53,10725
13/10/2023,N3735,NICKMERCS,951730,51349926,89387,12/08/2025,00:36:47,19565
13/10/2023,N3735,NICKMERCS,951730,51349926,89387,27/07/2025,00:35:22,14645
13/10/2023,N3735,NICKMERCS,951730,51349926,89387,30/08/2025,01:22:44,5571
13/10/2023,N3735,NICKMERCS,951730,51349926,89387,22/07/2025,00:20:26,18025
03/06/2021,F2868,Fresh,1532689,36350662,125408,16/08/2025,02:05:34,18438
03/06/2021,F2868,Fresh,1532689,36350662,125408,13/08/2025,01:11:14,11167
03/06/2021,F2868,Fresh,1532689,36350662,125408,30/08/2025,00:42:40,11682
03/06/2021,F2868,Fresh,1532689,36350662,125408,30/08/2025,02:11:54,10586
03/06/2021,F2868,Fresh,1532689,36350662,125408,22/08/2025,00:24:35,8031
03/06/2021,F2868,Fresh,1532689,36350662,125408,02/09/2025,00:44:40,7058
03/06/2021,F2868,Fresh,1532689,36350662,125408,21/08/2025,00:52:41,19979
17/12/2023,W8743,WePlayEsport_RU,1244341,50119786,142067,02/09/2025,00:24:39,18015
17/12/2023,W8743,WePlayEsport_RU,1244341,50119786,142067,29/07/2025,01:49:35,3821
17/12/2023,W8743,WePlayEsport_RU,1244341,50119786,142067,23/08/2025,01:21:43,11931
07/05/2021,L3382,loltyler1,199077,50504526,89170,12/08/2025,00:41:14,7833
07/05/2021,L3382,loltyler1,199077,50504526,89170,20/08/2025,01:35:38,13783
07/05/2021,L3382,loltyler1,199077,50504526,89170,02/09/2025,01:47:00,4931
07/05/2021,L3382,loltyler1,199077,50504526,89170,30/08/2025,00:57:21,18638
07/05/2021,L3382,loltyler1,199077,50504526,89170,22/07/2025,00:48:51,10810
07/05/2021,L3382,loltyler1,199077,50504526,89170,22/07/2025,01:32:50,8115
07/05/2021,L3382,loltyler1,199077,50504526,89170,31/08/2025,00:37:07,3839
07/05/2021,L3382,loltyler1,199077,50504526,89170,10/08/2025,02:15:10,12339
07/05/2021,L3382,loltyler1,199077,50504526,89170,19/08/2025,00:57:48,18881
22/03/2023,T2096,Tfue,497678,56855694,639375,01/08/2025,01:49:29,3076
22/03/2023,T2096,Tfue,497678,56855694,639375,15/07/2025,01:53:59,823
22/03/2023,T2096,Tfue,497678,56855694,639375,07/08/2025,01:49:40,15371
22/03/2023,T2096,Tfue,497678,56855694,639375,27/07/2025,01:13:19,11703
22/03/2023,T2096,Tfue,497678,56855694,639375,21/07/2025,01:26:44,2015
22/03/2023,T2096,Tfue,497678,56855694,639375,04/08/2025,00:04:02,17298
22/03/2023,T2096,Tfue,497678,56855694,639375,03/08/2025,01:39:08,4563
22/03/2023,T2096,Tfue,497678,56855694,639375,25/07/2025,00:24:55,9268
22/03/2023,T2096,Tfue,497678,56855694,639375,22/08/2025,01:48:38,14590
28/01/2023,S1419,Sacriel,3820532,58599449,240096,02/08/2025,02:04:46,4478
28/01/2023,S1419,Sacriel,3820532,58599449,240096,24/07/2025,00:34:56,4289
28/01/2023,S1419,Sacriel,3820532,58599449,240096,11/08/2025,01:55:42,17966
28/01/2023,S1419,Sacriel,3820532,58599449,240096,06/08/2025,01:42:20,13350
02/02/2023,M8898,MontanaBlack88,3966525,41514854,170115,13/08/2025,00:56:28,14821
02/02/2023,M8898,MontanaBlack88,3966525,41514854,170115,27/07/2025,01:47:35,11675
02/02/2023,M8898,MontanaBlack88,3966525,41514854,170115,28/07/2025,02:07:10,18970
02/02/2023,M8898,MontanaBlack88,3966525,41514854,170115,05/08/2025,00:03:47,14025
02/02/2023,M8898,MontanaBlack88,3966525,41514854,170115,01/08/2025,01:00:51,13162
02/02/2023,M8898,MontanaBlack88,3966525,41514854,170115,29/08/2025,01:00:58,14392
02/02/2023,M8898,MontanaBlack88,3966525,41514854,170115,28/08/2025,01:04:49,3372
02/02/2023,M8898,MontanaBlack88,3966525,41514854,170115,14/08/2025,00:55:28,4010
13/10/2023,F9775,forsen,1101093,37189666,181600,21/07/2025,00:08:37,18274
13/10/2023,F9775,forsen,1101093,37189666,181600,14/08/2025,02:07:09,16423
13/10/2023,F9775,forsen,1101093,37189666,181600,31/08/2025,01:59:55,19166
13/10/2023,F9775,forsen,1101093,37189666,181600,26/08/2025,01:11:50,14429
13/10/2023,F9775,forsen,1101093,37189666,181600,20/08/2025,00:10:03,4359
26/04/2023,L4925,LVNDMARK,236169,39334821,107833,06/08/2025,00:00:41,10863
26/04/2023,L4925,LVNDMARK,236169,39334821,107833,23/07/2025,01:20:37,17073
16/06/2021,J8688,juansguarnizo,92205,34405975,26999,15/08/2025,00:45:55,18533
16/06/2021,J8688,juansguarnizo,92205,34405975,26999,11/08/2025,00:28:26,13854
16/08/2023,T3235,tmxk319,1325075,46515698,89153,13/08/2025,00:53:58,8327
16/08/2023,T3235,tmxk319,1325075,46515698,89153,25/07/2025,00:57:58,7527
16/08/2023,T3235,tmxk319,1325075,46515698,89153,15/07/2025,00:07:20,1133
03/05/2021,E7707,ESL_CSGO,124242,38718674,43615,01/08/2025,00:43:15,5484
03/05/2021,E7707,ESL_CSGO,124242,38718674,43615,03/08/2025,02:11:28,10565
03/05/2021,E7707,ESL_CSGO,124242,38718674,43615,25/08/2025,01:45:13,4316
03/05/2021,E7707,ESL_CSGO,124242,38718674,43615,16/07/2025,01:46:02,1702
03/05/2021,E7707,ESL_CSGO,124242,38718674,43615,07/08/2025,01:06:14,5309
03/05/2021,E7707,ESL_CSGO,124242,38718674,43615,02/09/2025,01:54:50,2274
03/05/2021,E7707,ESL_CSGO,124242,38718674,43615,18/08/2025,01:04:49,3776
03/05/2021,E7707,ESL_CSGO,124242,38718674,43615,05/08/2025,00:30:09,6518
03/05/2021,E7707,ESL_CSGO,124242,38718674,43615,19/07/2025,01:31:13,18299
28/11/2021,L3582,LIRIK,137215,19645967,34830,05/08/2025,00:43:35,2828
28/11/2021,L3582,LIRIK,137215,19645967,34830,13/08/2025,00:07:41,9994
28/11/2021,L3582,LIRIK,137215,19645967,34830,01/08/2025,01:32:43,4931
28/11/2021,L3582,LIRIK,137215,19645967,34830,27/08/2025,01:00:39,14085
28/11/2021,L3582,LIRIK,137215,19645967,34830,01/09/2025,00:26:21,14091
28/11/2021,L3582,LIRIK,137215,19645967,34830,19/07/2025,01:47:53,2138
28/11/2021,L3582,LIRIK,137215,19645967,34830,16/08/2025,00:15:48,10405
28/11/2021,L3582,LIRIK,137215,19645967,34830,23/08/2025,02:26:33,3534
28/11/2021,L3582,LIRIK,137215,19645967,34830,24/07/2025,01:00:58,9114
16/12/2021,C6729,CDNThe3rd,255088,76225485,140557,25/07/2025,01:41:29,12252
09/08/2021,S2887,Solary,550678,22672980,125133,31/08/2025,01:18:21,13758
09/08/2021,S2887,Solary,550678,22672980,125133,25/08/2025,01:18:05,12986
09/08/2021,S2887,Solary,550678,22672980,125133,17/07/2025,02:27:03,9910
09/08/2021,S2887,Solary,550678,22672980,125133,16/08/2025,00:53:14,11374
09/08/2021,S2887,Solary,550678,22672980,125133,20/07/2025,00:40:52,8163
09/08/2021,S2887,Solary,550678,22672980,125133,18/08/2025,00:28:58,17046
09/08/2021,S2887,Solary,550678,22672980,125133,17/07/2025,01:13:18,3500
17/03/2022,L2685,LCK_Korea,825004,43919410,97540,16/08/2025,00:32:19,3299
17/03/2022,L2685,LCK_Korea,825004,43919410,97540,09/08/2025,02:10:57,14346
17/03/2022,L2685,LCK_Korea,825004,43919410,97540,03/09/2025,01:04:59,15494
17/03/2022,L2685,LCK_Korea,825004,43919410,97540,30/08/2025,02:11:59,16377
17/03/2022,L2685,LCK_Korea,825004,43919410,97540,25/07/2025,00:48:51,7941
17/03/2022,L2685,LCK_Korea,825004,43919410,97540,29/07/2025,00:15:41,1747
17/03/2022,L2685,LCK_Korea,825004,43919410,97540,01/08/2025,02:06:30,10299
17/03/2022,L2685,LCK_Korea,825004,43919410,97540,25/07/2025,00:19:47,16968
09/10/2023,T1288,TheRealKnossi,1082039,25342894,288459,02/08/2025,02:02:21,7183
09/10/2023,T1288,TheRealKnossi,1082039,25342894,288459,01/09/2025,00:06:35,14102
09/10/2023,T1288,TheRealKnossi,1082039,25342894,288459,23/07/2025,01:31:30,2725
09/10/2023,T1288,TheRealKnossi,1082039,25342894,288459,22/07/2025,00:27:36,16047
09/10/2023,T1288,TheRealKnossi,1082039,25342894,288459,26/08/2025,01:14:17,17684
09/10/2023,T1288,TheRealKnossi,1082039,25342894,288459,07/08/2025,00:03:06,17093
09/10/2023,T1288,TheRealKnossi,1082039,25342894,288459,08/08/2025,01:57:41,17708
09/10/2023,T1288,TheRealKnossi,1082039,25342894,288459,01/08/2025,00:29:25,9147
16/08/2022,C3959,Clix,3593081,47094362,538444,29/08/2025,00:19:11,4475
16/08/2022,C3959,Clix,3593081,47094362,538444,15/08/2025,02:28:38,15746
16/08/2022,C3959,Clix,3593081,47094362,538444,15/07/2025,02:18:35,15851
16/08/2022,C3959,Clix,3593081,47094362,538444,25/07/2025,00:17:33,18620
16/08/2022,C3959,Clix,3593081,47094362,538444,01/09/2025,01:45:02,16495
16/08/2022,C3959,Clix,3593081,47094362,538444,16/07/2025,00:37:58,9494
25/02/2023,N8343,NoWay4u_Sir,383130,38499423,123796,27/07/2025,01:49:03,16937
25/02/2023,N8343,NoWay4u_Sir,383130,38499423,123796,27/07/2025,01:10:12,17266
25/02/2023,N8343,NoWay4u_Sir,383130,38499423,123796,17/08/2025,02:09:33,15148
25/02/2023,N8343,NoWay4u_Sir,383130,38499423,123796,07/08/2025,02:03:18,1119
25/02/2023,N8343,NoWay4u_Sir,383130,38499423,123796,25/07/2025,00:00:35,2300
25/02/2023,N8343,NoWay4u_Sir,383130,38499423,123796,30/07/2025,01:49:26,3638
09/12/2022,M7091,MOONMOON,520342,24029726,168112,15/08/2025,01:10:49,875
09/12/2022,M7091,MOONMOON,520342,24029726,168112,25/07/2025,00:41:31,13464
09/12/2022,M7091,MOONMOON,520342,24029726,168112,20/07/2025,00:08:12,963
09/12/2022,M7091,MOONMOON,520342,24029726,168112,14/08/2025,00:38:39,9013
09/12/2022,M7091,MOONMOON,520342,24029726,168112,20/08/2025,00:18:46,17991
09/12/2022,M7091,MOONMOON,520342,24029726,168112,03/08/2025,01:47:43,17119
09/12/2022,M7091,MOONMOON,520342,24029726,168112,18/07/2025,00:48:29,16199
19/08/2023,E3499,EsfandTV,73602,30610352,44976,30/07/2025,00:43:12,17944
19/08/2023,E3499,EsfandTV,73602,30610352,44976,31/08/2025,00:13:55,8987
19/08/2023,E3499,EsfandTV,73602,30610352,44976,22/08/2025,00:51:02,19078
19/09/2021,R8470,RiotGamesBrazil,113469,43345080,234826,29/08/2025,01:52:30,1776
19/09/2021,R8470,RiotGamesBrazil,113469,43345080,234826,03/08/2025,00:15:34,3426
19/09/2021,R8470,RiotGamesBrazil,113469,43345080,234826,30/07/2025,00:54:23,1185
19/09/2021,R8470,RiotGamesBrazil,113469,43345080,234826,19/08/2025,02:18:42,11836
19/09/2021,R8470,RiotGamesBrazil,113469,43345080,234826,21/07/2025,01:04:28,17298
19/09/2021,R8470,RiotGamesBrazil,113469,43345080,234826,16/07/2025,01:24:30,10281
01/12/2021,U6295,uzra,143569,48799554,24470,21/07/2025,02:05:57,1792
01/12/2021,U6295,uzra,143569,48799554,24470,28/08/2025,00:25:43,5286
27/08/2021,L2026,lestream,632118,39591707,81644,09/08/2025,00:24:27,3444
27/08/2021,L2026,lestream,632118,39591707,81644,09/08/2025,00:24:29,2342
27/08/2021,L2026,lestream,632118,39591707,81644,03/08/2025,01:03:11,18275
26/03/2022,R9329,Rubius,95776,13505898,24892,29/07/2025,00:20:09,17200
26/03/2022,R9329,Rubius,95776,13505898,24892,22/07/2025,02:00:18,13127
26/03/2022,R9329,Rubius,95776,13505898,24892,21/07/2025,00:17:48,15222
26/03/2022,R9329,Rubius,95776,13505898,24892,19/07/2025,02:06:04,8677
26/03/2022,R9329,Rubius,95776,13505898,24892,21/08/2025,01:02:40,4242
26/03/2022,R9329,Rubius,95776,13505898,24892,06/08/2025,00:46:39,6836
26/03/2022,R9329,Rubius,95776,13505898,24892,06/08/2025,00:06:34,2009
26/03/2022,R9329,Rubius,95776,13505898,24892,23/07/2025,02:19:30,19155
26/03/2022,R9329,Rubius,95776,13505898,24892,26/08/2025,00:20:45,18219
16/07/2022,L3852,LVPes,567795,47295386,90696,18/07/2025,01:23:13,15823
16/07/2022,L3852,LVPes,567795,47295386,90696,17/07/2025,01:29:14,1676
16/07/2022,L3852,LVPes,567795,47295386,90696,20/07/2025,02:10:35,10022
16/07/2022,L3852,LVPes,567795,47295386,90696,16/07/2025,02:19:24,16634
16/07/2022,L3852,LVPes,567795,47295386,90696,19/07/2025,00:38:08,6444
28/11/2022,S7937,SolaryFortnite,115965,71583995,204491,14/08/2025,01:43:48,17313
28/11/2022,S7937,SolaryFortnite,115965,71583995,204491,31/08/2025,02:25:54,12615
28/11/2022,S7937,SolaryFortnite,115965,71583995,204491,19/07/2025,01:28:42,2017
28/11/2022,S7937,SolaryFortnite,115965,71583995,204491,14/08/2025,01:45:46,3863
28/11/2022,S7937,SolaryFortnite,115965,71583995,204491,07/08/2025,02:04:26,11491
28/11/2022,S7937,SolaryFortnite,115965,71583995,204491,07/08/2025,02:27:26,1149
20/10/2021,S3603,summit1g,1421811,37384058,122552,25/08/2025,00:27:01,12648
20/10/2021,S3603,summit1g,1421811,37384058,122552,01/08/2025,01:03:17,8568
20/10/2021,S3603,summit1g,1421811,37384058,122552,21/08/2025,01:44:37,17515
20/10/2021,S3603,summit1g,1421811,37384058,122552,11/08/2025,02:18:02,3959
20/10/2021,S3603,summit1g,1421811,37384058,122552,04/08/2025,00:22:05,19334
20/10/2021,S3603,summit1g,1421811,37384058,122552,25/08/2025,02:17:18,13668
20/10/2021,S3603,summit1g,1421811,37384058,122552,29/07/2025,01:09:16,7997
20/10/2021,S3603,summit1g,1421811,37384058,122552,06/08/2025,01:51:01,7524
20/10/2021,S3603,summit1g,1421811,37384058,122552,25/07/2025,02:03:49,8050
16/12/2022,S1244,shroud,826433,47400543,106900,20/07/2025,01:15:41,16160
16/12/2022,S1244,shroud,826433,47400543,106900,07/08/2025,01:39:15,15150
16/12/2022,S1244,shroud,826433,47400543,106900,22/07/2025,00:13:03,4234
16/07/2021,S4928,SilverName,96793,20034033,29316,28/07/2025,01:29:22,4960
16/07/2021,S4928,SilverName,96793,20034033,29316,17/07/2025,01:26:02,8992
16/07/2021,S4928,SilverName,96793,20034033,29316,28/08/2025,00:32:24,5657
16/07/2021,S4928,SilverName,96793,20034033,29316,15/07/2025,01:39:41,19389
28/01/2021,D6043,dota2ti_ru,551345,25924096,305119,23/08/2025,00:24:53,17932
28/01/2021,D6043,dota2ti_ru,551345,25924096,305119,17/07/2025,02:04:33,2565
01/04/2022,T4697,Trymacs,156721,38774178,182869,29/07/2025,01:40:06,6864
01/04/2022,T4697,Trymacs,156721,38774178,182869,23/07/2025,00:12:12,1544
01/04/2022,T4697,Trymacs,156721,38774178,182869,14/08/2025,00:53:01,4576
01/04/2022,T4697,Trymacs,156721,38774178,182869,16/08/2025,00:36:24,10246
01/04/2022,T4697,Trymacs,156721,38774178,182869,29/08/2025,02:13:36,7593
01/11/2021,S3445,shuteye_orange,1875187,25341820,57431,31/08/2025,02:22:45,18974
22/12/2022,S2424,Scarra,526244,28313058,214124,05/08/2025,02:07:03,16568
22/12/2022,S2424,Scarra,526244,28313058,214124,29/07/2025,01:10:51,19113
22/12/2022,S2424,Scarra,526244,28313058,214124,24/07/2025,01:48:00,9280
25/06/2021,C4825,cloakzy,242369,17836875,45843,29/07/2025,01:52:38,1516
25/06/2021,C4825,cloakzy,242369,17836875,45843,17/07/2025,01:53:25,7573
05/11/2022,R2194,Rakin,1602088,44178173,173238,21/08/2025,00:46:32,10415
05/11/2022,R2194,Rakin,1602088,44178173,173238,24/08/2025,00:58:37,5705
26/02/2021,S3731,Stray228,450146,35978104,35833,08/08/2025,01:20:17,5960
26/02/2021,S3731,Stray228,450146,35978104,35833,06/08/2025,01:59:33,19567
26/02/2021,S3731,Stray228,450146,35978104,35833,19/07/2025,00:57:31,2070
26/02/2021,S3731,Stray228,450146,35978104,35833,24/07/2025,02:14:44,12796
02/09/2023,E2815,Elajjaz,370358,32261961,144066,17/07/2025,01:33:07,5586
06/02/2022,A2813,AdmiralBahroo,307853,28970100,171861,25/08/2025,02:28:18,14829
06/02/2022,A2813,AdmiralBahroo,307853,28970100,171861,29/08/2025,01:34:49,7314
06/02/2022,A2813,AdmiralBahroo,307853,28970100,171861,19/08/2025,01:47:31,5115
06/02/2022,A2813,AdmiralBahroo,307853,28970100,171861,21/07/2025,00:38:39,14157
06/02/2022,A2813,AdmiralBahroo,307853,28970100,171861,15/07/2025,01:44:58,13925
26/02/2022,D1213,dota2ti,689957,32362117,70587,03/09/2025,01:22:41,18606
26/02/2022,D1213,dota2ti,689957,32362117,70587,02/08/2025,02:03:00,5669
26/02/2022,D1213,dota2ti,689957,32362117,70587,24/08/2025,02:04:19,2271
26/02/2022,D1213,dota2ti,689957,32362117,70587,28/07/2025,01:10:50,2041
21/11/2021,B6592,buster,340810,14154952,44649,28/07/2025,00:44:28,5674
21/11/2021,B6592,buster,340810,14154952,44649,01/09/2025,01:44:47,1359
21/11/2021,B6592,buster,340810,14154952,44649,27/07/2025,00:01:02,18760
01/11/2022,S6938,Squeezie,114948,42403593,116547,30/08/2025,01:55:26,3722
05/05/2022,L6962,LPL,126221,43831479,105359,31/07/2025,01:45:07,13265
05/05/2022,L6962,LPL,126221,43831479,105359,23/07/2025,00:49:12,18296
05/05/2022,L6962,LPL,126221,43831479,105359,29/07/2025,01:21:48,11131
17/05/2022,R4750,Rainbow6,2220765,49441744,66311,14/08/2025,01:26:53,5431
17/05/2022,R4750,Rainbow6,2220765,49441744,66311,10/08/2025,01:56:42,17194
17/05/2022,R4750,Rainbow6,2220765,49441744,66311,15/08/2025,02:19:08,9147
17/05/2022,R4750,Rainbow6,2220765,49441744,66311,29/08/2025,00:20:02,5624
26/04/2023,G1997,Gotaga,412101,57189129,206681,30/07/2025,00:07:04,2235
26/04/2023,G1997,Gotaga,412101,57189129,206681,28/08/2025,01:04:06,8405
26/04/2023,G1997,Gotaga,412101,57189129,206681,16/08/2025,02:12:48,15442
26/04/2023,G1997,Gotaga,412101,57189129,206681,23/07/2025,01:07:19,16631
26/04/2023,G1997,Gotaga,412101,57189129,206681,15/07/2025,01:09:24,15826
26/04/2023,G1997,Gotaga,412101,57189129,206681,22/08/2025,00:05:44,14101
26/04/2023,G1997,Gotaga,412101,57189129,206681,22/07/2025,00:52:30,14276
09/02/2023,H5018,hanryang1125,447601,42952835,364816,20/08/2025,00:38:23,11698
09/02/2023,H5018,hanryang1125,447601,42952835,364816,21/08/2025,00:00:49,13127
09/02/2023,H5018,hanryang1125,447601,42952835,364816,24/07/2025,01:19:56,7421
09/02/2023,H5018,hanryang1125,447601,42952835,364816,26/08/2025,02:16:06,2047
09/02/2023,H5018,hanryang1125,447601,42952835,364816,07/08/2025,00:15:59,1182
09/02/2023,H5018,hanryang1125,447601,42952835,364816,27/07/2025,02:07:29,19714
09/02/2023,H5018,hanryang1125,447601,42952835,364816,17/08/2025,00:01:07,3564
09/02/2023,H5018,hanryang1125,447601,42952835,364816,23/08/2025,01:14:01,2697
17/12/2022,L7829,LCK,1687923,33286370,81926,15/07/2025,00:53:48,1412
17/12/2022,L7829,LCK,1687923,33286370,81926,02/09/2025,00:51:42,15036
17/12/2022,L7829,LCK,1687923,33286370,81926,16/07/2025,00:01:24,14354
17/12/2022,L7829,LCK,1687923,33286370,81926,19/08/2025,01:10:28,7756
17/12/2022,L7829,LCK,1687923,33286370,81926,23/08/2025,00:42:31,12495
17/12/2022,L7829,LCK,1687923,33286370,81926,13/08/2025,01:18:08,8659
14/10/2021,P2689,Pestily,136943,20882507,56449,20/07/2025,02:07:38,4512
14/10/2021,P2689,Pestily,136943,20882507,56449,22/07/2025,02:17:33,12765
14/10/2021,P2689,Pestily,136943,20882507,56449,19/07/2025,01:49:36,17701
14/10/2021,P2689,Pestily,136943,20882507,56449,22/08/2025,01:24:34,18428
14/10/2021,P2689,Pestily,136943,20882507,56449,18/07/2025,02:12:23,7363
14/10/2021,P2689,Pestily,136943,20882507,56449,30/08/2025,01:37:10,10892
14/10/2021,P2689,Pestily,136943,20882507,56449,01/08/2025,01:05:35,3469
14/10/2021,P2689,Pestily,136943,20882507,56449,22/07/2025,01:58:17,2021
15/01/2023,C6001,Cellbit,97615,30550147,25482,31/07/2025,01:26:21,16714
15/01/2023,C6001,Cellbit,97615,30550147,25482,26/08/2025,01:58:50,1576
17/03/2021,A4934,AdmiralBulldog,108832,23037239,24286,18/07/2025,01:54:01,9270
17/03/2021,A4934,AdmiralBulldog,108832,23037239,24286,27/08/2025,00:21:14,18441
17/03/2021,A4934,AdmiralBulldog,108832,23037239,24286,04/08/2025,00:50:24,5915
17/03/2021,A4934,AdmiralBulldog,108832,23037239,24286,08/08/2025,01:53:45,8982
12/10/2022,D9459,dasMEHDI,325801,33796768,255542,31/08/2025,01:26:23,8287
12/10/2022,D9459,dasMEHDI,325801,33796768,255542,01/09/2025,01:19:32,10334
12/10/2022,D9459,dasMEHDI,325801,33796768,255542,22/07/2025,00:03:10,16052
12/10/2022,D9459,dasMEHDI,325801,33796768,255542,28/08/2025,00:16:53,13256
12/10/2022,D9459,dasMEHDI,325801,33796768,255542,05/08/2025,01:52:16,9273
24/02/2022,S9748,StarLadder_cs_en,277529,13890640,42079,04/08/2025,02:11:18,3283
24/02/2022,S9748,StarLadder_cs_en,277529,13890640,42079,02/08/2025,00:34:54,11919
24/02/2022,S9748,StarLadder_cs_en,277529,13890640,42079,04/08/2025,02:20:51,15391
24/02/2022,S9748,StarLadder_cs_en,277529,13890640,42079,10/08/2025,00:10:32,14881
24/02/2022,S9748,StarLadder_cs_en,277529,13890640,42079,06/08/2025,01:27:36,5912
19/08/2021,A4375,Anomaly,447191,26737542,46710,17/07/2025,00:46:03,2685
19/08/2021,A4375,Anomaly,447191,26737542,46710,19/07/2025,01:42:52,19897
19/08/2021,A4375,Anomaly,447191,26737542,46710,28/07/2025,01:46:16,19787
19/08/2021,A4375,Anomaly,447191,26737542,46710,28/08/2025,01:58:21,4946
19/08/2021,A4375,Anomaly,447191,26737542,46710,24/07/2025,00:49:36,6403
19/08/2021,A4375,Anomaly,447191,26737542,46710,19/08/2025,00:14:16,10676
19/08/2021,A4375,Anomaly,447191,26737542,46710,25/07/2025,01:42:01,17564
19/08/2021,A4375,Anomaly,447191,26737542,46710,18/07/2025,00:24:37,930
19/08/2021,A4375,Anomaly,447191,26737542,46710,01/09/2025,00:53:11,11177
01/07/2021,S3560,stylishnoob4,669348,22820310,88516,19/07/2025,02:05:25,15363
01/07/2021,S3560,stylishnoob4,669348,22820310,88516,02/08/2025,00:53:04,15281
01/07/2021,S3560,stylishnoob4,669348,22820310,88516,28/08/2025,00:44:10,14616
01/07/2021,S3560,stylishnoob4,669348,22820310,88516,30/08/2025,02:28:03,7435
02/04/2023,D3981,DreamHackCS,72454,12853095,21053,27/07/2025,00:07:48,16644
02/04/2023,D3981,DreamHackCS,72454,12853095,21053,02/08/2025,00:30:07,10619
02/04/2023,D3981,DreamHackCS,72454,12853095,21053,20/08/2025,00:34:09,11726
02/04/2023,D3981,DreamHackCS,72454,12853095,21053,10/08/2025,01:25:53,10281
02/04/2023,D3981,DreamHackCS,72454,12853095,21053,24/07/2025,01:03:46,19275
18/06/2022,B8364,Bugha,87860,19512632,36742,27/07/2025,02:12:33,17324
18/06/2022,B8364,Bugha,87860,19512632,36742,10/08/2025,01:11:55,18701
18/06/2022,B8364,Bugha,87860,19512632,36742,28/07/2025,00:30:46,13300
18/06/2022,B8364,Bugha,87860,19512632,36742,17/07/2025,00:09:29,3519
18/06/2022,B8364,Bugha,87860,19512632,36742,26/07/2025,00:52:15,3118
18/06/2022,B8364,Bugha,87860,19512632,36742,31/07/2025,00:31:46,19667
05/05/2022,P1380,Papaplatte,582089,21254933,50957,17/07/2025,02:27:57,19141
05/05/2022,P1380,Papaplatte,582089,21254933,50957,26/07/2025,00:27:41,6307
05/05/2022,P1380,Papaplatte,582089,21254933,50957,28/07/2025,02:25:33,11581
05/05/2022,P1380,Papaplatte,582089,21254933,50957,06/08/2025,01:50:22,7688
05/05/2022,P1380,Papaplatte,582089,21254933,50957,17/07/2025,01:33:08,10603
05/12/2023,D9988,DrDisrespect,76568,7422911,47683,30/08/2025,01:30:22,19833
05/12/2023,D9988,DrDisrespect,76568,7422911,47683,06/08/2025,00:38:53,10823
05/12/2023,D9988,DrDisrespect,76568,7422911,47683,19/08/2025,02:24:11,13347
05/12/2023,D9988,DrDisrespect,76568,7422911,47683,25/08/2025,02:23:11,3985
05/12/2023,D9988,DrDisrespect,76568,7422911,47683,18/07/2025,00:55:39,4938
05/12/2023,D9988,DrDisrespect,76568,7422911,47683,27/08/2025,02:07:32,15096
05/12/2023,D9988,DrDisrespect,76568,7422911,47683,21/08/2025,01:02:56,12273
05/12/2023,D9988,DrDisrespect,76568,7422911,47683,02/08/2025,00:41:46,16536
04/02/2023,N7269,NOBRU,183911,17820367,22759,27/08/2025,02:27:02,4303
04/02/2023,N7269,NOBRU,183911,17820367,22759,02/09/2025,01:38:06,2043
04/02/2023,N7269,NOBRU,183911,17820367,22759,13/08/2025,02:22:15,19518
01/06/2023,A1791,alanzoka,1445590,39439261,85073,24/08/2025,00:51:47,17003
01/06/2023,A1791,alanzoka,1445590,39439261,85073,27/07/2025,01:48:23,4168
01/06/2023,A1791,alanzoka,1445590,39439261,85073,15/07/2025,00:00:10,8987
01/06/2023,A1791,alanzoka,1445590,39439261,85073,21/08/2025,00:43:47,19974
01/06/2023,A1791,alanzoka,1445590,39439261,85073,14/08/2025,01:33:31,17710
01/06/2023,A1791,alanzoka,1445590,39439261,85073,27/08/2025,02:09:56,3710
01/06/2023,A1791,alanzoka,1445590,39439261,85073,19/08/2025,01:34:04,16041
01/06/2023,A1791,alanzoka,1445590,39439261,85073,24/07/2025,02:07:23,1310
12/04/2023,D6103,dakotaz,128907,21331882,26572,01/08/2025,01:32:46,16442
12/04/2023,D6103,dakotaz,128907,21331882,26572,24/07/2025,02:04:30,7819
12/04/2023,D6103,dakotaz,128907,21331882,26572,15/07/2025,00:36:16,18341
12/04/2023,D6103,dakotaz,128907,21331882,26572,20/07/2025,00:50:25,11153
27/10/2022,T5633,TFBlade,158934,51523747,233009,16/07/2025,00:45:48,17973
27/10/2022,T5633,TFBlade,158934,51523747,233009,30/08/2025,01:09:12,3031
27/10/2022,T5633,TFBlade,158934,51523747,233009,15/07/2025,01:44:44,15753
27/10/2022,T5633,TFBlade,158934,51523747,233009,19/07/2025,02:12:54,17535
27/10/2022,T5633,TFBlade,158934,51523747,233009,20/08/2025,02:12:05,2511
27/10/2022,T5633,TFBlade,158934,51523747,233009,18/08/2025,00:35:02,15570
27/10/2022,T5633,TFBlade,158934,51523747,233009,03/09/2025,01:46:49,8189
23/09/2021,T2754,Thijs,57681,11535871,16289,12/08/2025,00:33:43,10733
23/09/2021,T2754,Thijs,57681,11535871,16289,20/08/2025,02:25:24,8401
04/03/2021,F2540,fps_shaka,164792,18534278,33966,14/08/2025,02:15:50,10084
04/03/2021,F2540,fps_shaka,164792,18534278,33966,09/08/2025,01:10:09,18953
04/03/2021,F2540,fps_shaka,164792,18534278,33966,30/07/2025,00:08:38,5869
04/03/2021,F2540,fps_shaka,164792,18534278,33966,09/08/2025,00:45:10,3936
04/03/2021,F2540,fps_shaka,164792,18534278,33966,30/08/2025,00:41:15,15423
19/11/2023,B7959,BLASTPremier,552959,23472239,42230,16/07/2025,00:35:46,16711
19/11/2023,B7959,BLASTPremier,552959,23472239,42230,05/08/2025,02:17:20,4140
11/04/2021,X3217,xQcOW,260993,29821162,329195,04/08/2025,00:22:19,14909
11/04/2021,X3217,xQcOW,260993,29821162,329195,24/08/2025,01:05:14,12312
11/04/2021,X3217,xQcOW,260993,29821162,329195,01/09/2025,00:55:58,1263
11/04/2021,X3217,xQcOW,260993,29821162,329195,16/07/2025,01:07:35,13455
11/04/2021,X3217,xQcOW,260993,29821162,329195,08/08/2025,02:01:36,13012
11/04/2021,X3217,xQcOW,260993,29821162,329195,22/07/2025,00:53:38,1306
11/04/2021,X3217,xQcOW,260993,29821162,329195,21/07/2025,01:50:49,7144
11/04/2021,X3217,xQcOW,260993,29821162,329195,08/08/2025,00:17:49,17538
11/04/2021,X3217,xQcOW,260993,29821162,329195,15/07/2025,00:05:34,19405
18/08/2023,L1975,LEC,704327,18756705,45671,02/09/2025,02:20:21,16003
18/08/2023,L1975,LEC,704327,18756705,45671,20/07/2025,02:29:54,6852
18/08/2023,L1975,LEC,704327,18756705,45671,24/08/2025,01:54:16,7203
18/08/2023,L1975,LEC,704327,18756705,45671,17/07/2025,01:28:51,7848
18/08/2023,L1975,LEC,704327,18756705,45671,26/08/2025,00:15:15,9680
18/08/2023,L1975,LEC,704327,18756705,45671,18/07/2025,01:41:32,2394
18/08/2023,L1975,LEC,704327,18756705,45671,31/07/2025,00:46:50,11715
09/08/2022,Y7723,YoDa,275934,28759226,212201,14/08/2025,02:27:46,874
09/08/2022,Y7723,YoDa,275934,28759226,212201,16/08/2025,01:41:39,10421
09/08/2022,Y7723,YoDa,275934,28759226,212201,30/08/2025,00:40:35,13142
09/08/2022,Y7723,YoDa,275934,28759226,212201,22/07/2025,00:25:26,1836
09/08/2022,Y7723,YoDa,275934,28759226,212201,27/08/2025,02:00:17,18088
09/08/2022,Y7723,YoDa,275934,28759226,212201,07/08/2025,00:42:05,12174
09/08/2022,Y7723,YoDa,275934,28759226,212201,28/07/2025,02:11:59,16590
09/08/2022,Y7723,YoDa,275934,28759226,212201,31/07/2025,00:03:00,13825
20/01/2023,C4173,Castro_1021,365303,13585178,32671,14/08/2025,01:32:42,11092
20/01/2023,C4173,Castro_1021,365303,13585178,32671,28/07/2025,01:19:34,11262
20/01/2023,C4173,Castro_1021,365303,13585178,32671,13/08/2025,00:54:48,18948
20/01/2023,C4173,Castro_1021,365303,13585178,32671,30/07/2025,00:57:26,18455
20/01/2023,C4173,Castro_1021,365303,13585178,32671,20/07/2025,00:51:28,1933
20/01/2023,C4173,Castro_1021,365303,13585178,32671,22/07/2025,00:21:38,5207
20/01/2023,C4173,Castro_1021,365303,13585178,32671,06/08/2025,01:01:40,14098
20/01/2023,C4173,Castro_1021,365303,13585178,32671,31/07/2025,02:23:06,18433
05/08/2022,S9595,Swagg,428942,16786627,135471,03/09/2025,00:55:24,13122
05/08/2022,S9595,Swagg,428942,16786627,135471,29/07/2025,00:04:44,7029
16/06/2021,H5120,handongsuk,124038,20638084,25263,02/08/2025,00:50:40,5738
16/06/2021,H5120,handongsuk,124038,20638084,25263,28/07/2025,01:33:14,8903
16/06/2021,H5120,handongsuk,124038,20638084,25263,21/08/2025,00:51:06,6048
16/06/2021,H5120,handongsuk,124038,20638084,25263,01/08/2025,02:12:31,12482
16/06/2021,H5120,handongsuk,124038,20638084,25263,02/09/2025,00:47:10,19946
16/06/2021,H5120,handongsuk,124038,20638084,25263,14/08/2025,00:10:41,14356
16/06/2021,H5120,handongsuk,124038,20638084,25263,16/07/2025,00:19:54,12461
16/06/2021,H5120,handongsuk,124038,20638084,25263,17/07/2025,01:59:28,6929
16/11/2022,V3980,Vader,133195,15517436,43253,07/08/2025,00:49:31,16543
16/11/2022,V3980,Vader,133195,15517436,43253,18/08/2025,02:23:42,3527
16/11/2022,V3980,Vader,133195,15517436,43253,31/08/2025,00:42:58,16222
16/11/2022,V3980,Vader,133195,15517436,43253,06/08/2025,01:04:32,13794
16/11/2022,V3980,Vader,133195,15517436,43253,16/07/2025,00:22:03,3339
20/09/2022,D9011,Dota2RuHub,379973,12449595,49379,26/07/2025,00:18:33,13780
20/09/2022,D9011,Dota2RuHub,379973,12449595,49379,18/07/2025,02:23:45,12239
20/09/2022,D9011,Dota2RuHub,379973,12449595,49379,02/08/2025,01:54:43,14227
20/09/2022,D9011,Dota2RuHub,379973,12449595,49379,03/09/2025,01:46:36,7852
20/09/2022,D9011,Dota2RuHub,379973,12449595,49379,26/07/2025,00:55:12,12643
20/09/2022,D9011,Dota2RuHub,379973,12449595,49379,16/08/2025,01:18:20,9103
17/12/2022,N1843,Nightblue3,121422,16228039,483530,06/08/2025,01:02:19,8046
17/12/2022,N1843,Nightblue3,121422,16228039,483530,21/07/2025,00:10:04,12729
17/12/2022,N1843,Nightblue3,121422,16228039,483530,10/08/2025,01:34:03,10116
17/06/2023,J9571,JLTomy,192000,16800930,100330,27/07/2025,01:10:53,19347
17/06/2023,J9571,JLTomy,192000,16800930,100330,20/07/2025,00:55:58,7664
17/06/2023,J9571,JLTomy,192000,16800930,100330,17/07/2025,02:15:28,18743
17/06/2023,J9571,JLTomy,192000,16800930,100330,21/08/2025,02:08:55,14780
17/06/2023,J9571,JLTomy,192000,16800930,100330,01/08/2025,00:23:03,13274
17/06/2023,J9571,JLTomy,192000,16800930,100330,01/09/2025,00:57:53,11777
15/12/2021,O5216,OgamingLoL,1118169,26996445,130401,24/07/2025,02:21:27,12293
15/12/2021,O5216,OgamingLoL,1118169,26996445,130401,19/08/2025,01:48:53,12583
15/12/2021,O5216,OgamingLoL,1118169,26996445,130401,01/08/2025,01:47:06,8753
15/12/2021,O5216,OgamingLoL,1118169,26996445,130401,08/08/2025,02:28:32,16035
15/12/2021,O5216,OgamingLoL,1118169,26996445,130401,15/07/2025,01:57:58,11730
15/12/2021,O5216,OgamingLoL,1118169,26996445,130401,21/08/2025,01:00:10,18503
15/12/2021,O5216,OgamingLoL,1118169,26996445,130401,04/08/2025,00:28:14,13601
01/07/2022,D6508,ddahyoni,240442,31456198,262273,11/08/2025,00:24:56,3398
11/01/2021,W9056,WePlayEsport_EN,108466,27464678,29927,03/09/2025,00:05:27,14071
16/12/2023,E5537,Elraenn,136341,60194490,66781,16/08/2025,01:04:03,13807
23/04/2023,M8991,Mizkif,489250,18504106,43397,07/08/2025,00:51:55,17546
23/04/2023,M8991,Mizkif,489250,18504106,43397,06/08/2025,00:19:29,5369
23/04/2023,M8991,Mizkif,489250,18504106,43397,03/09/2025,01:35:19,4056
23/04/2023,M8991,Mizkif,489250,18504106,43397,20/08/2025,00:04:34,7854
20/02/2023,A2849,aceu,197486,23738903,36971,01/08/2025,01:58:26,3530
23/04/2021,L5199,LCS,66513,17095676,16681,22/07/2025,00:36:44,13170
23/04/2021,L5199,LCS,66513,17095676,16681,22/07/2025,02:16:48,1609
23/04/2021,L5199,LCS,66513,17095676,16681,21/08/2025,01:20:58,1302
23/04/2021,L5199,LCS,66513,17095676,16681,06/08/2025,01:01:22,13909
23/04/2021,L5199,LCS,66513,17095676,16681,15/07/2025,01:37:30,12462
23/04/2021,L5199,LCS,66513,17095676,16681,21/07/2025,00:54:24,11117
23/04/2021,L5199,LCS,66513,17095676,16681,26/07/2025,00:09:01,5515
02/08/2023,R8571,riotgames,2085831,45579002,112160,28/07/2025,00:48:21,18232
02/08/2023,R8571,riotgames,2085831,45579002,112160,29/08/2025,00:05:27,9060
02/08/2023,R8571,riotgames,2085831,45579002,112160,11/08/2025,00:56:09,18673
02/08/2023,R8571,riotgames,2085831,45579002,112160,10/08/2025,00:15:20,11657
02/08/2023,R8571,riotgames,2085831,45579002,112160,01/09/2025,01:34:23,6373
02/08/2023,R8571,riotgames,2085831,45579002,112160,03/08/2025,00:31:45,13903
02/08/2023,R8571,riotgames,2085831,45579002,112160,10/08/2025,02:14:19,11180
02/08/2023,R8571,riotgames,2085831,45579002,112160,15/08/2025,00:17:01,14680
02/08/2023,R8571,riotgames,2085831,45579002,112160,20/08/2025,02:22:07,17824
06/09/2022,A9646,Asmongold,124020,25815105,47638,01/09/2025,01:56:44,2126
06/09/2022,A9646,Asmongold,124020,25815105,47638,30/07/2025,00:56:12,3548
06/09/2022,A9646,Asmongold,124020,25815105,47638,23/08/2025,00:40:05,4090
06/09/2022,A9646,Asmongold,124020,25815105,47638,11/08/2025,01:34:30,12296
06/09/2022,A9646,Asmongold,124020,25815105,47638,31/07/2025,00:44:14,5956
06/09/2022,A9646,Asmongold,124020,25815105,47638,31/07/2025,01:52:47,5009
06/09/2022,A9646,Asmongold,124020,25815105,47638,28/07/2025,01:48:10,2696
06/09/2022,A9646,Asmongold,124020,25815105,47638,09/08/2025,00:33:00,5109
06/09/2022,A9646,Asmongold,124020,25815105,47638,14/08/2025,00:23:57,13934
09/09/2022,T3871,TheGrefg,101937,16237397,17036,10/08/2025,01:33:33,8880
09/09/2022,T3871,TheGrefg,101937,16237397,17036,19/08/2025,02:11:52,12807
09/09/2022,T3871,TheGrefg,101937,16237397,17036,22/08/2025,00:02:56,14118
09/09/2022,T3871,TheGrefg,101937,16237397,17036,22/07/2025,00:25:51,15093
09/09/2022,T3871,TheGrefg,101937,16237397,17036,04/08/2025,02:22:02,14843
09/09/2022,T3871,TheGrefg,101937,16237397,17036,03/08/2025,02:11:28,16122
09/09/2022,T3871,TheGrefg,101937,16237397,17036,29/08/2025,00:33:42,18437
09/09/2022,T3871,TheGrefg,101937,16237397,17036,25/07/2025,01:02:43,5015
08/05/2021,Q6234,Quin69,132108,22813009,148350,19/07/2025,02:16:41,3174
08/05/2021,Q6234,Quin69,132108,22813009,148350,23/08/2025,00:07:55,18308
08/05/2021,Q6234,Quin69,132108,22813009,148350,18/08/2025,00:01:10,16086
08/05/2021,Q6234,Quin69,132108,22813009,148350,14/08/2025,01:30:52,4788
08/05/2021,Q6234,Quin69,132108,22813009,148350,10/08/2025,00:35:14,12006
28/06/2022,G9982,Gorgc,175130,19181711,17738,01/08/2025,00:09:48,15153
28/06/2022,G9982,Gorgc,175130,19181711,17738,19/07/2025,00:47:37,19223
28/06/2022,G9982,Gorgc,175130,19181711,17738,11/08/2025,02:10:12,17405
28/06/2022,G9982,Gorgc,175130,19181711,17738,10/08/2025,01:17:17,908
28/06/2022,G9982,Gorgc,175130,19181711,17738,29/07/2025,00:15:24,11048
28/06/2022,G9982,Gorgc,175130,19181711,17738,31/07/2025,00:00:54,7501
19/12/2023,M9073,Maximilian_DOOD,216021,24144005,29597,30/07/2025,01:10:29,1838
19/12/2023,M9073,Maximilian_DOOD,216021,24144005,29597,14/08/2025,00:56:04,14235
19/12/2023,M9073,Maximilian_DOOD,216021,24144005,29597,26/07/2025,01:55:00,18930
19/12/2023,M9073,Maximilian_DOOD,216021,24144005,29597,19/07/2025,00:11:12,8135
01/11/2023,I3408,IzakOOO,833587,30621257,471281,17/08/2025,01:59:28,16908
07/01/2023,S2034,sodapoppin,1400039,6781403,132224,16/08/2025,02:18:28,1661
07/01/2023,S2034,sodapoppin,1400039,6781403,132224,23/07/2025,00:13:00,16787
07/01/2023,S2034,sodapoppin,1400039,6781403,132224,27/07/2025,00:08:11,15938
07/01/2023,S2034,sodapoppin,1400039,6781403,132224,22/08/2025,00:33:06,6005
07/01/2023,S2034,sodapoppin,1400039,6781403,132224,05/08/2025,02:22:43,990
07/01/2023,S2034,sodapoppin,1400039,6781403,132224,11/08/2025,01:46:59,2040
07/01/2023,S2034,sodapoppin,1400039,6781403,132224,03/09/2025,00:25:54,8829
07/01/2023,S2034,sodapoppin,1400039,6781403,132224,18/07/2025,01:25:49,7906
25/05/2021,P6730,POW3Rtv,1052053,37351933,97838,24/08/2025,01:06:28,14093
03/06/2021,I5881,ibai,333090,15626904,27421,05/08/2025,02:02:00,4562
03/06/2021,I5881,ibai,333090,15626904,27421,10/08/2025,01:47:59,9662
03/06/2021,I5881,ibai,333090,15626904,27421,02/09/2025,02:02:21,2654
03/06/2021,I5881,ibai,333090,15626904,27421,26/07/2025,00:00:07,15195
03/06/2021,I5881,ibai,333090,15626904,27421,26/07/2025,00:54:54,3512
03/06/2021,I5881,ibai,333090,15626904,27421,24/08/2025,01:18:53,3608
03/06/2021,I5881,ibai,333090,15626904,27421,30/07/2025,00:48:11,4062
02/05/2021,R2373,RocketLeague,363343,19412227,107069,14/08/2025,00:26:27,18168
02/05/2021,R2373,RocketLeague,363343,19412227,107069,29/08/2025,02:14:40,4273
02/05/2021,R2373,RocketLeague,363343,19412227,107069,03/08/2025,01:21:19,6606
02/05/2021,R2373,RocketLeague,363343,19412227,107069,24/07/2025,01:10:27,16644
02/05/2021,R2373,RocketLeague,363343,19412227,107069,21/07/2025,01:02:19,767
02/05/2021,R2373,RocketLeague,363343,19412227,107069,01/08/2025,00:18:25,5407
25/01/2021,S7089,SypherPK,367486,17151766,71933,25/07/2025,01:44:45,19995
25/01/2021,S7089,SypherPK,367486,17151766,71933,22/07/2025,02:21:37,12332
25/01/2021,S7089,SypherPK,367486,17151766,71933,15/08/2025,00:31:24,8741
25/01/2021,S7089,SypherPK,367486,17151766,71933,26/08/2025,02:28:33,15086
24/10/2022,N3998,NickEh30,243137,28789066,115737,15/07/2025,00:30:02,7288
24/10/2022,N3998,NickEh30,243137,28789066,115737,17/08/2025,01:21:10,14777
24/10/2022,N3998,NickEh30,243137,28789066,115737,08/08/2025,00:15:31,4452
24/10/2022,N3998,NickEh30,243137,28789066,115737,15/08/2025,02:27:38,10076
24/10/2022,N3998,NickEh30,243137,28789066,115737,23/08/2025,02:26:46,12912
06/08/2022,L9923,Lord_Kebun,1108422,14789437,44758,22/07/2025,01:06:20,17269
06/08/2022,L9923,Lord_Kebun,1108422,14789437,44758,26/08/2025,02:08:25,8581
06/08/2022,L9923,Lord_Kebun,1108422,14789437,44758,01/08/2025,01:36:50,9471
06/08/2022,L9923,Lord_Kebun,1108422,14789437,44758,15/08/2025,00:00:51,14379
06/08/2022,L9923,Lord_Kebun,1108422,14789437,44758,15/08/2025,02:17:02,17832
06/08/2022,L9923,Lord_Kebun,1108422,14789437,44758,27/07/2025,01:29:25,6948
06/08/2022,L9923,Lord_Kebun,1108422,14789437,44758,17/08/2025,01:49:19,7643
06/08/2022,L9923,Lord_Kebun,1108422,14789437,44758,23/07/2025,00:31:54,4990
17/04/2023,Y7584,ybicanoooobov,280538,31029241,146577,22/07/2025,00:11:29,9196
17/04/2023,Y7584,ybicanoooobov,280538,31029241,146577,22/08/2025,00:04:54,16587
17/04/2023,Y7584,ybicanoooobov,280538,31029241,146577,17/07/2025,00:37:01,16817
13/01/2022,G4940,GRONKH,946280,12708431,45631,28/07/2025,01:18:30,3092
13/01/2022,G4940,GRONKH,946280,12708431,45631,31/07/2025,00:20:23,9141
13/01/2022,G4940,GRONKH,946280,12708431,45631,04/08/2025,01:35:28,13190
13/01/2022,G4940,GRONKH,946280,12708431,45631,03/08/2025,01:22:48,1635
23/11/2023,A6396,Agraelus,517248,24523589,51854,19/07/2025,01:42:45,11349
23/11/2023,A6396,Agraelus,517248,24523589,51854,27/08/2025,00:50:58,4866
09/09/2022,R7088,ROSHTEIN,35986,10445269,17513,20/07/2025,01:47:45,1024
09/09/2022,R7088,ROSHTEIN,35986,10445269,17513,19/07/2025,01:18:42,9899
09/09/2022,R7088,ROSHTEIN,35986,10445269,17513,27/07/2025,00:13:31,8771
09/09/2022,R7088,ROSHTEIN,35986,10445269,17513,16/08/2025,01:48:19,18554
09/09/2022,R7088,ROSHTEIN,35986,10445269,17513,30/07/2025,01:56:26,11810
09/09/2022,R7088,ROSHTEIN,35986,10445269,17513,29/08/2025,01:15:13,19151
09/09/2022,R7088,ROSHTEIN,35986,10445269,17513,31/07/2025,01:45:48,7920
08/03/2022,Y3578,Yassuo,547018,18105470,68813,02/09/2025,01:46:35,19671
08/03/2022,Y3578,Yassuo,547018,18105470,68813,27/07/2025,00:25:53,4334
08/03/2022,Y3578,Yassuo,547018,18105470,68813,17/08/2025,02:09:52,1242
08/03/2022,Y3578,Yassuo,547018,18105470,68813,27/07/2025,01:49:51,996
08/03/2022,Y3578,Yassuo,547018,18105470,68813,10/08/2025,00:11:37,2771
08/03/2022,Y3578,Yassuo,547018,18105470,68813,22/08/2025,00:23:09,5935
22/04/2021,C2677,CohhCarnage,108438,12068376,457060,03/08/2025,01:47:24,5331
22/04/2021,C2677,CohhCarnage,108438,12068376,457060,19/08/2025,00:41:20,12453
22/04/2021,C2677,CohhCarnage,108438,12068376,457060,08/08/2025,01:53:06,18100
22/04/2021,C2677,CohhCarnage,108438,12068376,457060,28/07/2025,01:43:14,14458
22/04/2021,C2677,CohhCarnage,108438,12068376,457060,24/08/2025,01:56:00,11208
22/04/2021,C2677,CohhCarnage,108438,12068376,457060,26/08/2025,02:21:25,10644
22/04/2021,C2677,CohhCarnage,108438,12068376,457060,23/08/2025,02:14:36,856
22/04/2021,C2677,CohhCarnage,108438,12068376,457060,09/08/2025,00:28:31,16725
05/03/2022,A8839,auronplay,29752,20715640,14181,01/09/2025,02:18:18,7067
05/03/2022,A8839,auronplay,29752,20715640,14181,29/07/2025,01:53:41,18185
05/03/2022,A8839,auronplay,29752,20715640,14181,02/09/2025,00:31:30,18251
05/03/2022,A8839,auronplay,29752,20715640,14181,08/08/2025,00:01:25,12813
05/03/2022,A8839,auronplay,29752,20715640,14181,05/08/2025,00:12:20,12323
05/03/2022,A8839,auronplay,29752,20715640,14181,26/08/2025,02:24:32,7546
05/03/2022,A8839,auronplay,29752,20715640,14181,12/08/2025,02:13:23,7487
05/03/2022,A8839,auronplay,29752,20715640,14181,17/07/2025,02:22:22,19214
05/03/2022,A8839,auronplay,29752,20715640,14181,15/07/2025,00:42:52,17562
17/05/2022,O6698,OverwatchLeague,83198,27099682,254493,18/07/2025,00:37:32,10345
17/05/2022,O6698,OverwatchLeague,83198,27099682,254493,23/08/2025,01:06:44,13805
08/05/2021,Z9381,ZeratoR,68557,15548337,24923,24/07/2025,02:15:59,12235
08/05/2021,Z9381,ZeratoR,68557,15548337,24923,26/08/2025,00:15:29,15684
08/05/2021,Z9381,ZeratoR,68557,15548337,24923,04/08/2025,02:09:43,17342
08/05/2021,Z9381,ZeratoR,68557,15548337,24923,03/08/2025,01:00:27,1757
10/07/2023,S2112,saddummy,723082,7527027,74199,17/07/2025,01:59:03,16848
10/07/2023,S2112,saddummy,723082,7527027,74199,14/08/2025,00:38:55,17153
10/07/2023,S2112,saddummy,723082,7527027,74199,03/09/2025,01:51:36,11609
10/07/2023,S2112,saddummy,723082,7527027,74199,16/07/2025,01:41:04,5658
10/07/2023,S2112,saddummy,723082,7527027,74199,26/07/2025,00:37:45,3743
10/07/2023,S2112,saddummy,723082,7527027,74199,01/08/2025,01:15:30,14500
22/06/2022,T1255,Trainwreckstv,238257,17102146,78741,28/08/2025,00:13:33,3300
22/06/2022,T1255,Trainwreckstv,238257,17102146,78741,01/08/2025,01:03:15,11185
22/06/2022,T1255,Trainwreckstv,238257,17102146,78741,18/07/2025,01:46:47,14616
22/06/2022,T1255,Trainwreckstv,238257,17102146,78741,31/08/2025,01:22:29,17417
16/10/2023,T9471,TeePee,244295,8815201,96236,24/08/2025,01:30:16,15089
16/10/2023,T9471,TeePee,244295,8815201,96236,07/08/2025,00:31:41,18227
20/10/2022,D3058,dota2mc_ru,132125,20334558,23555,17/08/2025,00:53:03,5984
20/10/2022,D3058,dota2mc_ru,132125,20334558,23555,01/09/2025,00:16:57,6867
20/10/2022,D3058,dota2mc_ru,132125,20334558,23555,19/08/2025,02:26:27,9737
20/10/2022,D3058,dota2mc_ru,132125,20334558,23555,19/08/2025,00:48:03,14400
20/10/2022,D3058,dota2mc_ru,132125,20334558,23555,29/08/2025,01:12:57,15749
20/10/2022,D3058,dota2mc_ru,132125,20334558,23555,25/08/2025,01:47:32,1133
20/10/2022,D3058,dota2mc_ru,132125,20334558,23555,01/08/2025,01:51:52,1391
18/02/2021,E2858,Evelone192,315910,21104122,113167,21/08/2025,02:13:42,5795
18/02/2021,E2858,Evelone192,315910,21104122,113167,31/07/2025,00:23:40,13594
18/02/2021,E2858,Evelone192,315910,21104122,113167,22/07/2025,01:40:45,12993
18/02/2021,E2858,Evelone192,315910,21104122,113167,20/07/2025,01:31:45,6127
18/02/2021,E2858,Evelone192,315910,21104122,113167,18/08/2025,00:01:01,1169
18/02/2021,E2858,Evelone192,315910,21104122,113167,27/08/2025,01:03:01,8525
18/02/2021,E2858,Evelone192,315910,21104122,113167,01/09/2025,01:37:07,5338
28/10/2023,M5335,Method,558107,14533643,40497,16/07/2025,01:12:20,6192
28/10/2023,M5335,Method,558107,14533643,40497,31/07/2025,01:19:09,14460
28/10/2023,M5335,Method,558107,14533643,40497,24/08/2025,00:22:16,19269
18/01/2023,E6652,elded,763489,15894732,26141,11/08/2025,01:46:31,11431
18/01/2023,E6652,elded,763489,15894732,26141,22/08/2025,01:00:56,15538
18/01/2023,E6652,elded,763489,15894732,26141,27/08/2025,00:30:10,16520
02/12/2021,C3989,csgomc_ru,29549,18572922,7441,03/08/2025,02:02:46,1205
02/12/2021,C3989,csgomc_ru,29549,18572922,7441,05/08/2025,01:31:52,9095
02/12/2021,C3989,csgomc_ru,29549,18572922,7441,10/08/2025,02:04:47,10533
02/12/2021,C3989,csgomc_ru,29549,18572922,7441,16/08/2025,01:16:28,19757
02/12/2021,C3989,csgomc_ru,29549,18572922,7441,29/08/2025,01:09:44,10271
02/12/2021,C3989,csgomc_ru,29549,18572922,7441,13/08/2025,01:33:11,18474
25/10/2022,S7446,SolaryHS,672978,20881140,65543,27/07/2025,01:43:22,2542
25/10/2022,S7446,SolaryHS,672978,20881140,65543,17/07/2025,01:02:47,12258
10/01/2023,G7015,GamesDoneQuick,37883,12800182,13080,16/07/2025,00:58:54,8957
10/01/2023,G7015,GamesDoneQuick,37883,12800182,13080,25/07/2025,02:08:28,2746
10/01/2023,G7015,GamesDoneQuick,37883,12800182,13080,31/07/2025,01:23:41,10983
10/01/2023,G7015,GamesDoneQuick,37883,12800182,13080,14/08/2025,00:55:28,14589
10/01/2023,G7015,GamesDoneQuick,37883,12800182,13080,16/08/2025,02:05:37,5691
10/01/2023,G7015,GamesDoneQuick,37883,12800182,13080,30/07/2025,01:13:51,19119
10/01/2023,G7015,GamesDoneQuick,37883,12800182,13080,26/07/2025,02:20:57,806
10/01/2023,G7015,GamesDoneQuick,37883,12800182,13080,15/08/2025,00:05:30,17856
26/10/2021,S1145,Sardoche,167704,15136396,55752,04/08/2025,02:19:31,6024
26/10/2021,S1145,Sardoche,167704,15136396,55752,16/08/2025,02:21:50,13885
26/10/2021,S1145,Sardoche,167704,15136396,55752,16/07/2025,00:31:47,19043
26/10/2021,S1145,Sardoche,167704,15136396,55752,17/08/2025,00:25:16,17899
26/10/2021,S1145,Sardoche,167704,15136396,55752,22/07/2025,00:59:15,8627
26/10/2021,S1145,Sardoche,167704,15136396,55752,18/07/2025,02:18:18,16201
26/10/2021,S1145,Sardoche,167704,15136396,55752,28/07/2025,00:43:28,16610
23/05/2022,N8032,nl_Kripp,495072,23271722,69009,25/07/2025,02:23:35,4216
23/05/2022,N8032,nl_Kripp,495072,23271722,69009,16/07/2025,00:36:37,2865
23/05/2022,N8032,nl_Kripp,495072,23271722,69009,08/08/2025,02:10:18,14356
23/05/2022,N8032,nl_Kripp,495072,23271722,69009,05/08/2025,01:11:54,10267
23/05/2022,N8032,nl_Kripp,495072,23271722,69009,28/07/2025,02:13:42,13011
23/05/2022,N8032,nl_Kripp,495072,23271722,69009,28/07/2025,01:08:40,13427
23/05/2022,N8032,nl_Kripp,495072,23271722,69009,18/07/2025,02:01:13,17455
11/05/2023,P6114,pokimane,286467,23586902,43050,04/08/2025,01:21:55,9447
11/05/2023,P6114,pokimane,286467,23586902,43050,16/07/2025,00:02:46,19400
11/05/2023,P6114,pokimane,286467,23586902,43050,10/08/2025,00:00:09,10097
11/05/2023,P6114,pokimane,286467,23586902,43050,22/07/2025,01:55:46,18422
12/05/2021,B8595,BeyondTheSummit,57448,32228705,35865,18/07/2025,01:56:23,15237
12/05/2021,B8595,BeyondTheSummit,57448,32228705,35865,13/08/2025,00:46:10,3394
12/05/2021,B8595,BeyondTheSummit,57448,32228705,35865,06/08/2025,00:52:38,19842
12/05/2021,B8595,BeyondTheSummit,57448,32228705,35865,30/07/2025,02:16:38,4410
12/05/2021,B8595,BeyondTheSummit,57448,32228705,35865,26/07/2025,01:07:19,9528
12/05/2021,B8595,BeyondTheSummit,57448,32228705,35865,31/08/2025,00:56:55,2926
22/04/2021,D5497,DrLupo,46946,15586820,17253,28/07/2025,01:52:04,7914
22/04/2021,D5497,DrLupo,46946,15586820,17253,16/08/2025,00:45:47,11697
22/04/2021,D5497,DrLupo,46946,15586820,17253,29/08/2025,00:40:42,5805
22/04/2021,D5497,DrLupo,46946,15586820,17253,18/07/2025,00:52:28,11978
22/04/2021,D5497,DrLupo,46946,15586820,17253,09/08/2025,02:05:22,10628
22/04/2021,D5497,DrLupo,46946,15586820,17253,27/08/2025,01:00:06,11831
22/04/2021,D5497,DrLupo,46946,15586820,17253,15/07/2025,01:53:04,16309
01/01/2023,H3911,HasanAbi,137229,17857171,87751,29/08/2025,01:41:44,2670
01/01/2023,H3911,HasanAbi,137229,17857171,87751,18/08/2025,00:29:56,5117
01/01/2023,H3911,HasanAbi,137229,17857171,87751,13/08/2025,00:46:12,8804
01/01/2023,H3911,HasanAbi,137229,17857171,87751,08/08/2025,00:12:27,10381
01/01/2023,H3911,HasanAbi,137229,17857171,87751,11/08/2025,01:46:55,15086
01/01/2023,H3911,HasanAbi,137229,17857171,87751,03/08/2025,01:09:53,10947
03/02/2023,T6688,TimTheTatman,189847,20714971,45726,23/07/2025,00:47:12,16613
03/02/2023,T6688,TimTheTatman,189847,20714971,45726,03/09/2025,02:23:06,15167
03/02/2023,T6688,TimTheTatman,189847,20714971,45726,19/07/2025,01:15:52,14542
03/02/2023,T6688,TimTheTatman,189847,20714971,45726,05/08/2025,01:09:45,13424
03/02/2023,T6688,TimTheTatman,189847,20714971,45726,18/07/2025,02:27:58,10392
03/02/2023,T6688,TimTheTatman,189847,20714971,45726,21/07/2025,00:25:21,19744
03/02/2023,T6688,TimTheTatman,189847,20714971,45726,30/08/2025,01:48:35,11101
03/02/2023,T6688,TimTheTatman,189847,20714971,45726,17/07/2025,01:46:10,5587
03/02/2023,T6688,TimTheTatman,189847,20714971,45726,03/09/2025,01:38:10,12695
11/05/2021,E7473,ElmiilloR,875678,21128175,158972,13/08/2025,00:33:20,12076
