1029,11249.98,11249.98,1,05/06/2026
1011,335.96,335.96,5,10/04/2026
1029,11249.98,11249.98,8,25/05/2026
1003,2926.62,2926.62,7,20/05/2026
1008,740.85,740.85,4,10/06/2026
1023,1840.52,1840.52,3,25/04/2026
1002,1333.35,1333.35,6,10/08/2026
1013,10985.83,10985.83,7,10/06/2026
2500,350.00,350.00,40,05/06/2026
1029,11249.98,11249.98,2,15/08/2026
1001,1553.36,1553.36,2,20/03/2026
1026,754.65,754.65,0,10/06/2026
1001,1553.36,1553.36,5,20/06/2026
1011,335.96,335.96,7,20/06/2026
1005,8581.75,8581.75,6,20/07/2026
1016,4569.27,4569.27,2,10/08/2026
1014,1165.28,1165.28,5,15/07/2026
1025,6676.84,6676.84,0,15/06/2026
1004,645.04,645.04,1,25/05/2026
1003,2926.62,2926.62,7,25/06/2026
1012,486.68,486.68,5,20/08/2026
1015,3868.79,0.00,115,05/04/2026
1017,5749.43,5749.43,4,25/04/2026
1001,1553.36,1553.36,4,20/05/2026
1013,10985.83,10985.83,2,20/07/2026
1009,7509.29,7509.29,2,10/04/2026
1016,4569.27,4569.27,0,10/09/2026
1020,535.06,535.06,7,05/03/2026
1016,4569.27,4569.27,1,20/04/2026
1008,740.85,740.85,7,25/03/2026
1004,645.04,645.04,0,10/06/2026
1027,2318.71,2318.71,8,20/04/2026
1021,8399.80,8399.80,7,25/07/2026
1029,11249.98,11249.98,6,05/03/2026
1029,11249.98,11249.98,5,15/04/2026
1020,535.06,535.06,5,10/05/2026
1004,645.04,645.04,0,20/04/2026
1011,335.96,335.96,0,10/03/2026
1017,5749.43,5749.43,6,05/05/2026
1030,1239.33,1239.33,6,15/07/2026
1015,3868.79,3868.79,6,15/03/2026
1015,3868.79,3868.79,5,05/06/2026
1028,367.45,0.00,160,10/06/2026
1024,586.34,586.34,4,10/05/2026
1004,645.04,645.04,4,25/03/2026
1028,367.45,367.45,4,10/04/2026
1002,1333.35,1333.35,5,20/06/2026
1003,2926.62,2926.62,1,20/08/2026
1006,3595.95,3595.95,7,10/05/2026
1030,1239.33,1239.33,4,20/03/2026
1019,2856.57,2856.57,2,25/04/2026
1005,8581.75,8581.75,4,20/05/2026
1001,1553.36,1553.36,6,15/04/2026
1025,6676.84,6676.84,6,20/04/2026
1005,8581.75,8581.75,7,20/04/2026
1012,486.68,486.68,8,20/04/2026
1008,740.85,740.85,7,10/05/2026
1025,6676.84,4673.79,16,05/03/2026
1021,8399.80,8399.80,1,25/03/2026
1017,5749.43,5749.43,4,15/03/2026
1019,2856.57,2856.57,0,15/05/2026
1008,740.85,740.85,3,10/07/2026
1021,8399.80,8399.80,4,10/05/2026
1015,3868.79,3868.79,0,05/05/2026
1008,740.85,740.85,3,10/09/2026
1021,8399.80,8399.80,1,25/08/2026
1012,486.68,486.68,6,15/06/2026
1018,874.53,874.53,6,10/04/2026
1014,1165.28,1165.28,3,20/03/2026
1014,1165.28,1165.28,7,10/06/2026
1001,1553.36,1553.36,0,10/07/2026
1011,335.96,335.96,0,05/07/2026
1026,754.65,754.65,1,20/04/2026
1030,1239.33,1239.33,4,15/05/2026
1002,1333.35,1333.35,7,15/04/2026
1014,1165.28,1165.28,5,25/04/2026
1011,335.96,235.17,27,15/05/2026
1003,2926.62,2926.62,6,05/03/2026
1003,2926.62,2926.62,0,15/07/2026
1016,4569.27,4569.27,6,20/03/2026
1099,350.00,350.00,32,15/05/2026
1018,874.53,0.00,152,15/03/2026
1009,7509.29,7509.29,7,10/06/2026
1030,1239.33,1239.33,6,25/04/2026
1028,367.45,367.45,0,10/03/2026
1023,1840.52,1840.52,3,10/05/2026
1006,3595.95,3595.95,2,20/03/2026
1014,1165.28,582.64,57,25/05/2026
1025,6676.84,6676.84,7,05/05/2026
1026,754.65,0.00,118,15/05/2026
1023,1840.52,1840.52,2,20/06/2026
1024,586.34,586.34,3,25/03/2026
1004,645.04,645.04,6,20/07/2026
1026,754.65,754.65,0,15/03/2026
1024,586.34,586.34,1,25/04/2026
1004,645.04,645.04,6,05/09/2026
1021,8399.80,8399.80,3,15/04/2026
1008,740.85,740.85,8,15/08/2026
1016,4569.27,4569.27,0,10/07/2026
1006,3595.95,3595.95,5,25/04/2026
1012,486.68,486.68,6,05/03/2026
1004,645.04,645.04,7,25/08/2026
1027,2318.71,2318.71,1,25/03/2026
1021,8399.80,8399.80,5,10/06/2026
1006,3595.95,3595.95,7,05/06/2026
1005,8581.75,8581.75,8,20/06/2026
1009,7509.29,7509.29,6,15/03/2026
1019,2856.57,2856.57,5,05/03/2026
1023,1840.52,1840.52,0,10/03/2026
1012,486.68,243.34,22,25/05/2026
1013,10985.83,10985.83,1,15/05/2026
1002,1333.35,1333.35,5,15/03/2026
1027,2318.71,2318.71,2,20/05/2026
1029,11249.98,11249.98,6,25/07/2026
1013,10985.83,10985.83,4,05/03/2026
1017,5749.43,0.00,172,25/07/2026
1028,367.45,367.45,8,05/05/2026
1010,1365.22,955.65,23,20/03/2026
1002,1333.35,1333.35,2,10/07/2026
1020,535.06,374.54,14,10/06/2026
1020,535.06,535.06,6,10/04/2026
9007,350.00,350.00,38,20/08/2026
1013,10985.83,0.00,58,10/04/2026
1016,4569.27,0.00,70,15/06/2026
1030,1239.33,1239.33,0,10/06/2026
1010,1365.22,1365.22,8,05/04/2026
1017,5749.43,5749.43,6,10/06/2026
1017,5749.43,5749.43,2,20/08/2026
1018,874.53,874.53,8,25/05/2026
1003,2926.62,2926.62,6,15/04/2026
1010,1365.22,1365.22,8,15/05/2026
1005,8581.75,8581.75,7,05/03/2026
1016,4569.27,4569.27,1,15/05/2026
9007,350.00,350.00,19,15/05/2026
1008,740.85,740.85,2,10/04/2026
1002,1333.35,1333.35,4,25/05/2026
1019,2856.57,2856.57,3,10/06/2026
1012,486.68,486.68,6,25/07/2026
1009,7509.29,7509.29,7,10/05/2026
